{"Sensor": 0, "Model": "CNN-univariate", "RME_final": 0.01093810424208641, "RME_val_final": 0.006323167588561773, "MSE_final": 0.00011964212899329141, "MSE_val_final": 3.9982449379749596e-05}{"Sensor": 1, "Model": "CNN-univariate", "RME_final": 0.00639448082074523, "RME_val_final": 0.0038091782480478287, "MSE_final": 4.088938294444233e-05, "MSE_val_final": 1.450983927497873e-05}{"Sensor": 2, "Model": "CNN-univariate", "RME_final": 0.005902334116399288, "RME_val_final": 0.00407614978030324, "MSE_final": 3.483755062916316e-05, "MSE_val_final": 1.661499663896393e-05}{"Sensor": 3, "Model": "CNN-univariate", "RME_final": 0.006060972809791565, "RME_val_final": 0.0038533483166247606, "MSE_final": 3.673539322335273e-05, "MSE_val_final": 1.4848293176328298e-05}{"Sensor": 4, "Model": "CNN-univariate", "RME_final": 0.005434824153780937, "RME_val_final": 0.005448054056614637, "MSE_final": 2.953731564048212e-05, "MSE_val_final": 2.9681292289751582e-05}