{"Model": "GRU-multi", "Sensor": 0, "MSE_val_final": 0.0012138779275119305}{"Model": "GRU-multi", "Sensor": 1, "MSE_val_final": 0.0009979077149182558}{"Model": "GRU-multi", "Sensor": 2, "MSE_val_final": 0.0008793098968453705}{"Model": "GRU-multi", "Sensor": 3, "MSE_val_final": 0.00039342514355666935}{"Model": "GRU-multi", "Sensor": 4, "MSE_val_final": 0.0006154368165880442}{"Model": "GRU-multi", "Sensor": 5, "MSE_val_final": 0.0003701232490129769}{"Model": "GRU-multi", "Sensor": 6, "MSE_val_final": 0.0003837099648080766}{"Model": "GRU-multi", "Sensor": 7, "MSE_val_final": 0.001328765880316496}{"Model": "GRU-multi", "Sensor": 8, "MSE_val_final": 0.000948520319070667}{"Model": "GRU-multi", "Sensor": 9, "MSE_val_final": 0.0007682748837396502}{"Model": "GRU-multi", "Sensor": 10, "MSE_val_final": 0.0002800411602947861}{"Model": "GRU-multi", "Sensor": 11, "MSE_val_final": 0.0005092499777674675}{"Model": "GRU-multi", "Sensor": 12, "MSE_val_final": 0.00027792510809376836}{"Model": "GRU-multi", "Sensor": 13, "MSE_val_final": 0.0001567444414831698}{"Model": "GRU-multi", "Sensor": 14, "MSE_val_final": 0.0002823641989380121}{"Model": "GRU-multi", "Sensor": 15, "MSE_val_final": 0.0004649735928978771}{"Model": "GRU-multi", "Sensor": 16, "MSE_val_final": 0.0010133902542293072}{"Model": "GRU-multi", "Sensor": 17, "MSE_val_final": 0.0003014430985786021}{"Model": "GRU-multi", "Sensor": 18, "MSE_val_final": 0.0007059891941025853}{"Model": "GRU-multi", "Sensor": 19, "MSE_val_final": 0.00114670698530972}{"Model": "GRU-multi", "Sensor": 20, "MSE_val_final": 0.0005839499062858522}{"Model": "GRU-multi", "Sensor": 21, "MSE_val_final": 0.0013064135564491153}{"Model": "GRU-multi", "Sensor": 22, "MSE_val_final": 0.000788655539508909}{"Model": "GRU-multi", "Sensor": 23, "MSE_val_final": 0.0009485689224675298}{"Model": "GRU-multi", "Sensor": 24, "MSE_val_final": 0.0004943952662870288}{"Model": "GRU-multi", "Sensor": 25, "MSE_val_final": 0.0002303757210029289}{"Model": "GRU-multi", "Sensor": 26, "MSE_val_final": 0.000163783086463809}{"Model": "GRU-multi", "Sensor": 27, "MSE_val_final": 0.0002326339017599821}{"Model": "GRU-multi", "Sensor": 28, "MSE_val_final": 0.00024027455947361887}{"Model": "GRU-multi", "Sensor": 29, "MSE_val_final": 0.00021877310064155608}{"Model": "GRU-multi", "Sensor": 30, "MSE_val_final": 0.0021337727084755898}{"Model": "GRU-multi", "Sensor": 31, "MSE_val_final": 0.00237935408949852}{"Model": "GRU-multi", "Sensor": 32, "MSE_val_final": 0.000664713210426271}{"Model": "GRU-multi", "Sensor": 33, "MSE_val_final": 0.0025719646364450455}{"Model": "GRU-multi", "Sensor": 34, "MSE_val_final": 0.0018491669325158}{"Model": "GRU-multi", "Sensor": 35, "MSE_val_final": 0.00029067412833683193}{"Model": "GRU-multi", "Sensor": 36, "MSE_val_final": 0.0021594788413494825}{"Model": "GRU-multi", "Sensor": 37, "MSE_val_final": 0.0006088817026466131}{"Model": "GRU-multi", "Sensor": 38, "MSE_val_final": 0.0007941930671222508}{"Model": "GRU-multi", "Sensor": 39, "MSE_val_final": 0.00044168956810608506}{"Model": "GRU-multi", "Sensor": 40, "MSE_val_final": 0.0014998582191765308}{"Model": "GRU-multi", "Sensor": 41, "MSE_val_final": 0.0002786613185890019}{"Model": "GRU-multi", "Sensor": 42, "MSE_val_final": 0.0003124869253952056}{"Model": "GRU-multi", "Sensor": 43, "MSE_val_final": 0.000819184526335448}{"Model": "GRU-multi", "Sensor": 44, "MSE_val_final": 0.0008222044561989605}{"Model": "GRU-multi", "Sensor": 45, "MSE_val_final": 0.0006367486203089356}{"Model": "GRU-multi", "Sensor": 46, "MSE_val_final": 0.0004542884707916528}{"Model": "GRU-multi", "Sensor": 47, "MSE_val_final": 0.0007016919553279877}{"Model": "GRU-multi", "Sensor": 48, "MSE_val_final": 0.00020652964303735644}{"Model": "GRU-multi", "Sensor": 49, "MSE_val_final": 0.00036671687848865986}{"Model": "GRU-multi", "Sensor": 50, "MSE_val_final": 0.0005030508618801832}{"Model": "GRU-multi", "Sensor": 51, "MSE_val_final": 0.0006544095813296735}