{"Sensor": 0, "Model": "LSTM-univariate", "RME_final": 0.004733097739517689, "RME_val_final": 0.004399850033223629, "MSE_final": 2.2402215108741075e-05, "MSE_val_final": 1.9358680219738744e-05}{"Sensor": 1, "Model": "LSTM-univariate", "RME_final": 0.003090112004429102, "RME_val_final": 0.0016977809136733413, "MSE_final": 9.548792149871588e-06, "MSE_val_final": 2.8824599667132134e-06}{"Sensor": 2, "Model": "LSTM-univariate", "RME_final": 0.0041395146399736404, "RME_val_final": 0.0022119942586869, "MSE_final": 1.7135580492322333e-05, "MSE_val_final": 4.8929186959867366e-06}{"Sensor": 3, "Model": "LSTM-univariate", "RME_final": 0.0030104483012109995, "RME_val_final": 0.0025886469520628452, "MSE_final": 9.062799108505715e-06, "MSE_val_final": 6.70109284328646e-06}{"Sensor": 4, "Model": "LSTM-univariate", "RME_final": 0.0029252548702061176, "RME_val_final": 0.00223888480104506, "MSE_final": 8.55711641634116e-06, "MSE_val_final": 5.012605470255949e-06}{"Sensor": 5, "Model": "LSTM-univariate", "RME_final": 0.0033134787809103727, "RME_val_final": 0.0018126611830666661, "MSE_final": 1.0979141734424047e-05, "MSE_val_final": 3.2857410587894265e-06}{"Sensor": 6, "Model": "LSTM-univariate", "RME_final": 0.001816731528379023, "RME_val_final": 0.014435906894505024, "MSE_final": 3.300513299109298e-06, "MSE_val_final": 0.00020839540229644626}{"Sensor": 7, "Model": "LSTM-univariate", "RME_final": 0.0030975646805018187, "RME_val_final": 0.0015602684579789639, "MSE_final": 9.594907169230282e-06, "MSE_val_final": 2.4344376470253337e-06}{"Sensor": 8, "Model": "LSTM-univariate", "RME_final": 0.00359867955558002, "RME_val_final": 0.0023492281325161457, "MSE_final": 1.2950494237884413e-05, "MSE_val_final": 5.518873422261095e-06}{"Sensor": 9, "Model": "LSTM-univariate", "RME_final": 0.003304192330688238, "RME_val_final": 0.0021108011715114117, "MSE_final": 1.0917688086919952e-05, "MSE_val_final": 4.455481757759117e-06}{"Sensor": 10, "Model": "LSTM-univariate", "RME_final": 0.002736915135756135, "RME_val_final": 0.003016119822859764, "MSE_final": 7.4907043199345935e-06, "MSE_val_final": 9.096978828893043e-06}{"Sensor": 11, "Model": "LSTM-univariate", "RME_final": 0.0033214918803423643, "RME_val_final": 0.002402275800704956, "MSE_final": 1.1032308975700289e-05, "MSE_val_final": 5.770929419668391e-06}{"Sensor": 12, "Model": "LSTM-univariate", "RME_final": 0.002503471216186881, "RME_val_final": 0.0012784951832145452, "MSE_final": 6.267368462431477e-06, "MSE_val_final": 1.6345500171155436e-06}